adauga_carte,2026-06-02T20:38:16.671075900
adauga_carte,2026-06-02T20:43:34.067849800
adauga_carte,2026-06-02T20:47:07.732916800
listare_carti,2026-06-02T20:47:44.769602400
imprumuta_carte,2026-06-02T20:48:15.504147900
adauga_cititor,2026-06-02T20:48:27.358361400
imprumuta_carte,2026-06-02T20:48:46.020144
listare_carti,2026-06-02T20:49:28.394327200
listare_carti,2026-06-02T20:52:51.313860700
adauga_carte,2026-06-02T20:53:35.202262900
listare_carti,2026-06-02T20:53:46.998922900
listare_carti,2026-06-02T20:54:35.842385300
listare_carti,2026-06-02T20:54:49.635414700
